{"cameraMode":{"drawMode":0,"name":"Shaded","section":"Shading Mode"},"sceneLighting":true,"audioPlay":false,"sceneViewState":{"m_AlwaysRefresh":false,"showFog":true,"showSkybox":true,"showFlares":true,"showImageEffects":true,"showParticleSystems":true,"showVisualEffectGraphs":true,"m_FxEnabled":true},"in2DMode":false,"pivot":{"x":-0.38646697998046877,"y":1.2598700523376465,"z":-0.4954566955566406},"rotation":{"x":-0.08236844837665558,"y":0.8321860432624817,"z":-0.1285911500453949,"w":-0.5330519676208496},"size":4.169308662414551,"orthographic":false}