{"cameraMode":{"drawMode":0,"name":"Shaded","section":"Shading Mode"},"sceneLighting":true,"audioPlay":false,"sceneViewState":{"m_AlwaysRefresh":false,"showFog":true,"showSkybox":true,"showFlares":true,"showImageEffects":true,"showParticleSystems":true,"showVisualEffectGraphs":true,"m_FxEnabled":true},"in2DMode":false,"pivot":{"x":-30.181427001953126,"y":-2.966242551803589,"z":-28.995519638061525},"rotation":{"x":0.1997346580028534,"y":0.16374321281909944,"z":-0.03387264162302017,"w":0.9654698371887207},"size":22.473339080810548,"orthographic":false}