{"cameraMode":{"drawMode":0,"name":"Shaded","section":"Shading Mode"},"sceneLighting":true,"audioPlay":false,"sceneViewState":{"m_AlwaysRefresh":false,"showFog":true,"showSkybox":true,"showFlares":true,"showImageEffects":true,"showParticleSystems":true,"showVisualEffectGraphs":true,"m_FxEnabled":true},"in2DMode":false,"pivot":{"x":0.21922141313552857,"y":2.847153902053833,"z":0.5534736514091492},"rotation":{"x":-0.2855098843574524,"y":0.04080871492624283,"z":-0.012169035151600838,"w":-0.9574271440505981},"size":5.331369400024414,"orthographic":false}