{"cameraMode":{"drawMode":0,"name":"Shaded","section":"Shading Mode"},"sceneLighting":true,"audioPlay":false,"sceneViewState":{"m_AlwaysRefresh":false,"showFog":true,"showSkybox":true,"showFlares":true,"showImageEffects":true,"showParticleSystems":true,"showVisualEffectGraphs":true,"m_FxEnabled":true},"in2DMode":false,"pivot":{"x":-2.428854465484619,"y":1.8637151718139649,"z":-2.5647172927856447},"rotation":{"x":0.015383326448500157,"y":0.9809722900390625,"z":-0.17274528741836549,"w":0.08733869343996048},"size":8.060409545898438,"orthographic":false}