{"cameraMode":{"drawMode":0,"name":"Shaded","section":"Shading Mode"},"sceneLighting":true,"audioPlay":false,"sceneViewState":{"m_AlwaysRefresh":false,"showFog":true,"showSkybox":true,"showFlares":true,"showImageEffects":true,"showParticleSystems":true,"showVisualEffectGraphs":true,"m_FxEnabled":true},"in2DMode":false,"pivot":{"x":-25.993267059326173,"y":-1.976933479309082,"z":19.818063735961915},"rotation":{"x":0.10778819769620896,"y":0.005965006537735462,"z":-0.0006467368802987039,"w":0.9941555857658386},"size":60.781002044677737,"orthographic":false}