{"cameraMode":{"drawMode":0,"name":"Shaded","section":"Shading Mode"},"sceneLighting":true,"audioPlay":false,"sceneViewState":{"m_AlwaysRefresh":false,"showFog":true,"showSkybox":true,"showFlares":true,"showImageEffects":true,"showParticleSystems":true,"showVisualEffectGraphs":true,"m_FxEnabled":true},"in2DMode":false,"pivot":{"x":-0.254062294960022,"y":1.2134448289871216,"z":0.27926576137542727},"rotation":{"x":-0.13290737569332124,"y":0.26331695914268496,"z":-0.03664669767022133,"w":-0.9547889232635498},"size":2.547646999359131,"orthographic":false}